"","MSE","MAPE","CRPS_v"
"1",34.5790927732382,0.341364499244414,3.26694643954512
