"","MSE","MAPE","CRPS_v"
"1",56.5233881080093,0.177339651979635,4.04220472725382
