"","MSE","MAPE","CRPS_v"
"1",15.3767851360088,0.193407076371644,2.1745043918348
