"","MSE","MAPE","CRPS_v"
"1",57.6071801519718,0.172839681414979,4.07404796137065
